Image_ID,Product_Type,Carbon_Emission_from_RM(KG CO2),Carbon_Emission_from_WDFKG CO2),Energy_Consumption_from_WDF(KwH),Water_Used_from_WDF (Litres),Carbon_Emission_from_MKG CO2),Energy_Consumption_from_M(KwH),Water_Used_from_M (Litres),Carbon_Emission_from T(KG CO2)
sports_wear_1.webp,Sportswear,18.68115504,4.228788183,28,290,9.367300141,71,492,1.129829784
sports_wear_2.webp,Sportswear,19.19119102,1.244403699,30,491,8.768079872,54,431,1.515864317
sports_wear_3.webp,Sportswear,13.92613164,2.95418161,26,465,5.73167207,72,472,1.568182264
sports_wear_4.webp,Sportswear,19.26725847,1.705038813,46,384,9.714751688,71,666,1.679286909
sports_wear_5.webp,Sportswear,13.33918524,2.650273283,34,492,4.094402967,52,540,0.705224816
sports_wear_6.webp,Sportswear,10.69716998,4.013451039,34,335,5.934694297,45,426,1.129054256
sports_wear_7.webp,Sportswear,10.30562381,2.182921717,39,413,3.004062741,65,505,1.681104048
sports_wear_8.webp,Sportswear,13.06730203,4.598624101,42,427,7.034071116,41,483,0.689041638
sports_wear_9.webp,Sportswear,12.80957141,3.052502944,27,213,7.217836382,77,613,1.020697403
sports_wear_10.webp,Sportswear,8.837934603,3.770014658,25,408,4.690012582,48,692,1.605576161
sports_wear_11.webp,Sportswear,9.048115934,1.245220189,41,238,4.999765613,48,490,0.719821382
sports_wear_12.webp,Sportswear,18.97841894,2.694548112,31,489,3.032479053,69,695,1.969484321
sports_wear_13.webp,Sportswear,8.144737093,3.279592414,48,237,4.37476604,48,548,0.603049032
sports_wear_14.webp,Sportswear,11.14087521,1.666870956,33,368,9.179030707,74,645,1.130874517
sports_wear_15.webp,Sportswear,5.63138888,1.133618834,30,448,3.877653321,78,421,1.896196812
sports_wear_16.webp,Sportswear,12.57575831,4.413346429,39,460,8.875903123,59,427,1.513048827
sports_wear_17.webp,Sportswear,18.87957544,2.949338472,20,383,9.890014595,70,654,0.829374621
sports_wear_18.webp,Sportswear,9.806115111,1.660841681,24,486,7.995824068,75,511,1.311099139
sports_wear_19.webp,Sportswear,12.75857921,4.136517824,27,487,5.833022773,73,585,1.894734257
sports_wear_20.webp,Sportswear,14.00044305,1.056320534,30,216,7.258507871,68,474,0.664177148
sports_wear_21.webp,Sportswear,10.90607169,2.65349035,30,415,7.032900736,59,519,1.839762187
sports_wear_22.webp,Sportswear,9.339668451,1.883745768,37,311,6.283056782,42,527,1.01192834
sports_wear_23.webp,Sportswear,16.10669497,4.653754546,33,234,3.304586061,67,498,1.709640387
sports_wear_24.webp,Sportswear,18.69036415,1.782928714,31,485,7.143886925,61,525,1.753157345
sports_wear_25.webp,Sportswear,5.532687201,2.074531006,49,306,8.579613393,49,525,0.852474042
sports_wear_26.webp,Sportswear,17.35310291,1.206546117,49,393,5.177231349,43,570,0.505345244
sports_wear_27.webp,Sportswear,13.32150035,4.552652274,40,394,7.903280719,43,696,1.892916431
sports_wear_28.webp,Sportswear,16.62161984,4.050891912,32,327,9.8326948,74,533,0.67619272
sports_wear_29.webp,Sportswear,9.393982664,3.975658398,44,213,6.162808419,72,459,1.508484532
sports_wear_30.webp,Sportswear,5.687553732,3.395136054,25,399,3.152832968,57,498,1.374464381
sports_wear_31.webp,Sportswear,16.42571267,3.442548767,33,354,6.319801344,61,683,1.35382802
sports_wear_32.webp,Sportswear,6.939786585,4.817176545,30,233,9.844999538,57,480,0.547639751
sports_wear_33.webp,Sportswear,10.66246209,3.426539949,25,357,9.697906093,55,626,0.979882552
sports_wear_34.webp,Sportswear,13.52357958,1.328439176,36,406,6.534097124,70,426,1.908447175
sports_wear_35.webp,Sportswear,18.79714678,4.953503459,48,208,3.35127497,59,452,1.825874645
sports_wear_36.webp,Sportswear,18.79792619,1.939828439,20,334,5.140129604,46,444,0.899876071
sports_wear_37.webp,Sportswear,11.56400587,3.354216935,29,391,6.986310116,61,430,1.930675171
sports_wear_38.webp,Sportswear,6.166187917,3.152179054,46,285,3.2210034,41,509,0.892719199
sports_wear_39.webp,Sportswear,18.7967667,1.413157288,37,351,6.005597414,50,515,1.656352208
sports_wear_40.webp,Sportswear,16.48620643,2.795454072,25,386,6.576755122,77,660,0.558460493
sports_wear_41.webp,Sportswear,8.024744292,1.450478042,33,316,8.247059353,55,437,0.628161399
sports_wear_42.webp,Sportswear,11.74724061,1.271932656,45,366,9.552540918,58,458,1.388794124
sports_wear_43.webp,Sportswear,12.43821333,3.7539067,34,442,4.726265553,55,679,0.685721143
sports_wear_44.webp,Sportswear,19.41770484,3.375365136,25,469,7.516584316,49,552,1.574771173
sports_wear_45.webp,Sportswear,9.300846918,1.700155267,46,413,7.186897245,77,632,1.630707183
sports_wear_46.webp,Sportswear,7.381272039,4.235048595,29,473,9.402769899,48,634,0.978713016
sports_wear_47.webp,Sportswear,17.94689232,1.385836527,33,255,8.806958913,62,455,1.792945402
sports_wear_48.webp,Sportswear,10.25019938,3.069938198,20,437,5.425725536,41,620,1.778064017
sports_wear_49.webp,Sportswear,17.05372839,3.39597003,20,335,5.510522462,75,622,1.095041324
sports_wear_50.webp,Sportswear,7.165915073,3.804645798,45,343,9.227684685,48,627,1.251336386
sports_wear_51.webp,Sportswear,19.89592893,3.418817757,23,456,3.946887651,46,479,1.00788895
sports_wear_52.webp,Sportswear,16.90329512,4.314670173,36,381,8.483025908,79,505,1.529288746
sports_wear_53.webp,Sportswear,6.540324866,3.732583183,36,262,4.524226116,51,471,0.501469412
sports_wear_54.webp,Sportswear,5.357149486,4.577298551,40,395,7.390021267,79,520,1.597852531
sports_wear_55.webp,Sportswear,18.2313268,4.334012622,40,263,5.105990594,58,633,0.634508466
sports_wear_56.avif,Sportswear,7.819188881,3.215006673,24,493,3.431477987,50,418,1.94862129
Fashion_1.webp,Fashion,8.248734688,4.346492436,24,389,3.700123945,67,571,1.164464555
Fashion_2.webp,Fashion,16.46596604,4.510297102,30,335,6.046914958,40,501,0.848137971
Fashion_3.webp,Fashion,13.41073791,2.230693581,44,267,3.597468513,44,650,0.602614322
Fashion_4.webp,Fashion,18.62485776,1.453357986,21,466,6.582623352,50,679,1.193154944
Fashion_5.webp,Fashion,6.402598488,1.968727578,37,421,3.043326221,53,549,0.627533906
Fashion_6.webp,Fashion,5.768193881,2.822143174,21,295,7.986888571,57,410,1.363424571
Fashion_7.webp,Fashion,8.077129967,1.642960517,20,488,6.548923248,68,415,1.410117364
Fashion_8.webp,Fashion,19.36941626,2.828659995,28,389,4.898218357,54,622,0.561456549
Fashion_9.webp,Fashion,12.1624658,1.288530975,24,443,8.716312641,59,679,0.563636956
Fashion_10.webp,Fashion,14.13287474,4.56219148,23,400,9.578120145,45,418,1.673804729
Fashion_11.webp,Fashion,17.16458152,4.47942728,38,341,7.910396046,53,462,0.770372429
Fashion_12.webp,Fashion,19.32119449,3.382618675,37,292,3.801689716,49,609,1.095810714
Fashion_13.webp,Fashion,9.739467198,4.519746078,44,442,9.312017968,62,587,1.566348357
Fashion_14.webp,Fashion,13.87091492,1.312399276,33,393,4.122568044,76,500,0.731151675
Fashion_15.webp,Fashion,13.6699843,1.698960533,49,269,8.237848122,68,679,1.328733992
Fashion_16.webp,Fashion,18.9367295,1.089026098,41,329,3.569356788,79,421,1.879575041
Fashion_17.webp,Fashion,11.87324448,4.37528236,40,497,4.443796207,55,451,1.751562624
Fashion_18.webp,Fashion,6.556960393,1.061641366,47,259,7.109383999,72,400,1.693688426
Fashion_19.webp,Fashion,19.59249903,3.514778931,37,463,4.164952766,58,428,0.763882088
Fashion_20.webp,Fashion,10.49646412,4.926560159,22,208,3.373139425,79,586,0.755495017
Fashion_21.webp,Fashion,13.71370557,1.543362291,20,202,3.079698643,63,522,0.736413939
Fashion_22.webp,Fashion,16.06790787,1.223824566,29,337,6.458426272,70,415,1.378557439
Fashion_23.webp,Fashion,17.0026382,3.517390337,43,343,9.947029921,73,418,1.825695686
Fashion_24.webp,Fashion,14.1045381,4.928474727,32,492,7.077049917,66,634,0.670980294
Fashion_25.webp,Fashion,12.74447222,4.535430897,25,376,7.633945291,62,681,1.644211451
Fashion_26.webp,Fashion,15.30147536,3.459817219,40,296,5.839978753,70,575,1.116922284
Fashion_27.webp,Fashion,17.42952665,2.515781209,33,202,8.870993245,67,577,1.589733456
Fashion_28.webp,Fashion,14.82300337,4.68159969,27,479,7.77089834,59,499,1.485542388
Fashion_29.webp,Fashion,16.59298691,4.899654464,45,228,5.311623261,62,629,1.375176802
Fashion_30.webp,Fashion,7.907862145,4.130124964,40,369,8.752133217,54,613,0.967365252
Fashion_31.webp,Fashion,12.5659853,1.131386701,44,205,8.414710777,75,440,1.947126537
Fashion_32.webp,Fashion,7.291240261,3.865177872,25,410,7.489672093,56,581,0.962542398
Fashion_33.webp,Fashion,6.591673429,2.448702391,47,396,5.483978284,63,592,1.174366108
Fashion_34.webp,Fashion,6.430749511,1.235105664,48,334,3.887310648,65,624,0.510845467
Fashion_35.webp,Fashion,18.91312774,3.386225144,25,480,6.848762091,53,442,1.226930858
Fashion_36.webp,Fashion,18.19280395,3.380403466,41,294,8.606831472,59,417,1.649365945
Fashion_37.webp,Fashion,5.017998084,1.740407016,28,385,5.378694038,53,454,0.839552819
Fashion_38.webp,Fashion,5.433109636,1.880175186,31,450,5.153598858,45,490,1.2866443
Fashion_39.webp,Fashion,8.760436118,3.294107139,28,224,8.361218601,51,473,1.381821494
Fashion_40.webp,Fashion,8.993521616,3.335249036,42,253,7.233193667,61,615,0.935768641
Fashion_41.webp,Fashion,5.879432442,2.874777887,28,498,6.287955232,41,441,1.303790977
Fashion_42.webp,Fashion,13.28376002,3.304529932,47,493,9.599508113,70,478,0.582481656
Fashion_43.webp,Fashion,9.138715689,1.054573367,27,286,6.704124992,64,459,0.688706158
Fashion_44.webp,Fashion,14.00181408,1.657916737,30,393,6.263497765,78,400,1.106480395
Fashion_45.webp,Fashion,7.434281103,3.573063275,45,392,7.945154979,56,560,1.41139729
Fashion_46.webp,Fashion,13.6658235,1.385771745,27,340,3.26846078,60,481,1.00626482
Fashion_47.webp,Fashion,19.02136793,3.689855307,49,333,6.742735199,50,603,1.14709372
Fashion_48.webp,Fashion,19.86784945,1.055056044,21,336,9.439457076,50,494,0.902269179
Fashion_49.webp,Fashion,19.10209873,3.78438495,30,404,8.609554201,66,449,1.719941643
Fashion_50.webp,Fashion,19.06487732,1.850686335,32,234,9.199184239,49,653,0.550978419
Fashion_51.webp,Fashion,11.89217894,4.740003712,39,449,8.198548339,63,678,0.546170239
Fashion_52.webp,Fashion,8.321223001,3.903792931,49,228,6.394164972,44,572,0.668058828
Fashion_53.webp,Fashion,16.18616306,4.409446623,43,232,7.938616212,79,696,1.500798007
Fashion_54.webp,Fashion,14.70137581,3.328170192,41,366,6.236740256,40,657,1.088526894
Fashion_55.webp,Fashion,14.03876271,4.19589847,36,431,8.050391584,72,690,1.066725925
Fashion_56.webp,Fashion,14.91732902,4.688812439,48,398,8.393301309,55,586,1.118915826
Fashion_57.webp,Fashion,14.2082083,4.120229932,49,334,3.609598664,67,617,1.030722092
Fashion_58.webp,Fashion,18.75122397,1.21142481,24,320,7.26590435,57,598,1.409465404
Fashion_59.webp,Fashion,19.02355086,3.166003229,36,385,7.827049949,40,546,1.882672756
Fashion_60.webp,Fashion,10.78454736,2.586769393,47,322,9.592417712,68,499,1.739027445
Fashion_61.webp,Fashion,15.009219,1.437949785,27,385,7.3524322,77,658,0.955629989
Fashion_62.webp,Fashion,6.812694435,1.325395021,37,456,9.886157159,42,592,1.151696339
Fashion_63.webp,Fashion,19.24879903,3.231578476,21,358,6.473142182,69,616,0.862361574
Fashion_64.webp,Fashion,17.55267521,3.078529061,43,292,7.040669882,63,607,1.688880501
Fashion_65.webp,Fashion,11.13594665,1.419370423,43,241,8.178860572,56,639,1.201408632
Fashion_66.webp,Fashion,14.40935938,2.343782586,21,276,9.639295468,45,563,0.54113822
Fashion_67.webp,Fashion,9.83718888,4.872160673,23,469,8.27922196,46,611,0.990416295
Fashion_68.webp,Fashion,9.478469358,2.534600412,47,335,8.262744975,40,610,1.582979659
Fashion_69.webp,Fashion,13.17740923,1.664040376,42,413,9.582986664,47,497,0.739650503
Fashion_70.webp,Fashion,7.009517081,2.95745032,41,318,8.076578921,42,661,1.44036079
Fashion_71.webp,Fashion,7.559195467,3.855084801,31,437,7.94111263,44,439,1.690356919
Fashion_72.webp,Fashion,7.60252965,1.324440695,25,289,5.120934329,48,597,0.981168879
Fashion_73.webp,Fashion,19.15479194,3.925304114,33,299,6.613209043,71,695,1.216748129
Fashion_74.webp,Fashion,12.65210248,4.830896429,40,281,6.558178653,77,548,0.503307421
Fashion_75.webp,Fashion,12.7885215,3.226493485,34,459,6.33769586,69,575,1.555303489
Fashion_76.webp,Fashion,17.88091215,1.853681352,22,237,4.113522359,79,532,1.13373561
Fashion_77.webp,Fashion,9.827213952,2.906786588,20,425,3.154113176,48,535,1.175331469
Fashion_78.webp,Fashion,15.60098555,3.080287711,47,253,7.761848607,67,414,0.519886234
Fashion_79.webp,Fashion,15.81028856,4.448916632,21,222,7.035718749,44,489,1.986215163
Fashion_80.webp,Fashion,10.80359556,3.444416791,20,390,9.71052691,53,448,0.681134199
Fashion_81.webp,Fashion,12.3942353,1.446254311,49,403,8.846133119,77,533,1.984878996
Fashion_82.webp,Fashion,15.69419825,1.062528522,31,267,8.361320736,79,564,1.69574454
Fashion_83.webp,Fashion,18.45229479,4.886132386,35,370,3.238057757,61,409,1.905996608
Fashion_84.webp,Fashion,19.62498209,3.766429943,33,321,6.541143901,61,506,1.88299732
Fashion_85.webp,Fashion,15.63594008,3.185044713,38,201,8.404716465,73,663,1.067789405
Fashion_86.webp,Fashion,9.227470304,1.494111876,42,407,8.017289779,65,503,0.861530892
Fashion_87.webp,Fashion,11.71086643,2.091275615,49,207,9.303145403,41,419,1.453065085
Fashion_88.webp,Fashion,15.10657366,2.919493946,28,461,3.76800948,76,531,1.173058395
Fashion_89.webp,Fashion,17.13003992,3.196650045,43,286,5.461911405,79,548,1.081764447
Fashion_90.webp,Fashion,19.11680607,1.190138629,21,288,9.117681238,72,452,1.375294217
Footwear_1.webp,Footwear,19.9412158,3.536161324,49,247,7.046712766,48,661,1.370136227
Footwear_2.webp,Footwear,9.697060766,4.373251795,48,223,7.859726625,44,405,1.358547653
Footwear_3.webp,Footwear,12.83907961,1.809404107,27,228,3.128710167,57,549,1.772053344
Footwear_4.webp,Footwear,10.8094246,1.726054212,33,233,3.966256061,59,479,0.616607659
Footwear_5.webp,Footwear,7.963855371,2.114876785,32,384,5.876765904,62,488,0.986375831
Footwear_6.webp,Footwear,6.455169944,2.017039967,23,227,7.815766385,48,681,0.951203111
Footwear_7.webp,Footwear,17.7407337,3.559466529,49,312,7.950417501,52,408,1.108573585
Footwear_8.webp,Footwear,17.91418858,1.065248265,30,481,7.479772211,50,581,0.724704109
Footwear_9.webp,Footwear,18.84273653,1.166002738,31,302,4.170058461,44,575,0.624276306
Footwear_10.webp,Footwear,14.01866546,3.108745412,48,456,4.86072044,40,534,1.726436855
Footwear_11.webp,Footwear,19.95590631,3.984716682,36,472,4.139013747,46,411,1.224928025
Footwear_12.webp,Footwear,19.86069111,2.325598397,47,308,4.749268448,45,454,0.653935048
Footwear_13.webp,Footwear,19.68913005,2.789078404,21,355,4.145620555,67,594,0.75110705
Footwear_14.webp,Footwear,13.13272456,1.030437566,47,310,7.89483524,59,656,1.78266287
Footwear_15.webp,Footwear,9.8460796,3.39580494,29,489,5.957871344,77,435,1.931364468
Footwear_16.webp,Footwear,6.085442192,2.143390799,47,224,3.106174562,75,409,1.934155757
Footwear_17.webp,Footwear,15.59493499,3.89944647,34,494,4.83073356,67,461,1.750618725
Footwear_18.webp,Footwear,5.914224742,2.035958772,21,342,5.664691168,75,460,1.044140543
Footwear_19.webp,Footwear,11.44211584,2.614515984,27,340,9.353576489,72,535,1.634075521
Footwear_20.webp,Footwear,12.81297988,3.283544808,21,314,9.74177392,47,412,1.204386664
Footwear_21.webp,Footwear,14.33644085,3.186100282,46,214,7.031588491,70,481,0.650297462
Footwear_22.webp,Footwear,8.228718506,1.310127848,34,361,5.870587386,54,538,1.086098664
Footwear_23.webp,Footwear,19.09584538,2.704758503,43,279,8.888654541,59,408,0.838303539
Footwear_24.webp,Footwear,8.044242531,1.538558687,22,335,8.269989466,76,428,1.041886336
Footwear_25.webp,Footwear,18.73384002,4.499228656,49,375,3.631594366,40,437,0.833687866
Footwear_26.webp,Footwear,6.291843167,1.651017961,24,441,8.672462062,45,588,1.279911438
Footwear_27.webp,Footwear,18.31808727,2.114685692,45,299,6.215512646,69,575,0.757620892
Footwear_28.webp,Footwear,12.15010792,2.218231062,33,268,7.274771206,47,429,1.536437604
Footwear_29.webp,Footwear,15.38543307,3.483864224,40,451,5.400152949,66,669,1.582955975
Footwear_30.webp,Footwear,16.69135502,1.405477524,25,314,8.006099235,66,569,1.751692721
Footwear_31.webp,Footwear,13.76687215,1.175278883,47,297,4.983311837,76,529,0.989048653
Footwear_32.webp,Footwear,13.12120684,4.234623134,33,451,8.746737059,79,598,0.600833287
Footwear_33.webp,Footwear,12.4887376,2.034330748,39,472,6.299563615,57,657,0.845510565
Footwear_34.webp,Footwear,16.03513037,3.212721243,20,476,8.013253351,67,468,1.477692107
Footwear_35.webp,Footwear,17.12598549,1.8895573,45,334,4.195170241,47,455,1.660348426
Footwear_36.webp,Footwear,13.30952462,4.991003036,21,429,6.325564412,79,517,1.858282526
Footwear_37.webp,Footwear,11.82158523,1.994090918,40,470,4.582642059,72,660,1.266652774
Footwear_38.webp,Footwear,14.79315889,2.48434911,45,279,3.415584026,67,561,1.475791344
Footwear_39.webp,Footwear,18.67485853,3.292361626,48,357,5.290212673,73,450,1.065236386
Footwear_40.webp,Footwear,17.39746914,4.660574726,46,336,8.280558245,70,649,1.103967967
Footwear_41.webp,Footwear,6.413885888,1.439115131,34,217,9.942877929,57,644,0.760352554
Footwear_42.webp,Footwear,5.392578086,1.019240258,28,280,3.756129367,48,603,1.10752971
Footwear_43.webp,Footwear,14.4215718,2.14298809,26,435,5.04379569,43,452,1.279641876
Footwear_44.webp,Footwear,12.33417044,1.137444402,23,328,6.713546904,47,508,1.393267169
Footwear_45.webp,Footwear,9.954560433,2.609202386,21,424,4.60119704,47,669,1.452953928
Footwear_46.webp,Footwear,9.186886291,1.863719572,45,325,5.445012931,69,603,1.828819989
Footwear_47.webp,Footwear,17.57019742,1.119755792,36,325,5.435195363,62,596,1.570790554
Footwear_48.webp,Footwear,17.63402732,4.421014944,31,261,6.614231172,66,407,0.729579523
Footwear_49.webp,Footwear,5.598360371,1.692404851,20,331,8.647066199,62,678,1.787186726
Footwear_50.webp,Footwear,10.30845474,2.554869723,39,311,8.319215793,53,438,1.961744958
Footwear_51.webp,Footwear,8.39727733,4.071022732,25,357,6.746600885,52,416,0.936450037
Footwear_52.webp,Footwear,11.43613691,3.711260129,25,452,6.831603025,67,596,0.659748289
Footwear_53.webp,Footwear,13.94446622,3.951649202,23,269,3.157497292,45,506,1.165783436
Footwear_54.webp,Footwear,10.50235388,4.66951789,46,457,9.443072355,74,510,1.767351417
Footwear_55.webp,Footwear,15.47793162,4.127357506,33,387,3.785957989,43,623,1.370934536
Footwear_56.webp,Footwear,5.978799727,4.180686348,20,357,4.433502868,72,536,1.394766082
Footwear_57.webp,Footwear,8.37520184,4.98659527,30,290,4.240669959,63,420,1.925003908
Footwear_58.webp,Footwear,7.500248681,2.318988238,35,280,4.664070244,76,551,1.932207518
Footwear_59.webp,Footwear,18.41105338,3.072177289,35,411,4.152030819,75,448,1.727530049
Footwear_60.webp,Footwear,7.381170534,4.075349851,20,360,8.840550328,43,499,0.711151272
Footwear_61.webp,Footwear,10.61737031,1.550863045,49,399,5.336448416,77,577,1.953260953
Footwear_62.webp,Footwear,15.54742221,3.861835775,32,463,5.201616678,67,482,1.116464911
Footwear_63.webp,Footwear,11.82671703,2.387467596,22,233,8.158941682,75,693,1.826227052
Footwear_64.webp,Footwear,14.12369999,2.886334814,32,446,3.587330012,55,520,1.456741128
Footwear_65.webp,Footwear,17.2480747,2.096606824,42,209,4.746910898,77,425,1.796955052
Footwear_66.webp,Footwear,9.251085881,2.265825634,38,399,5.607545619,47,433,1.218723676
Footwear_67.webp,Footwear,11.827739,3.371813167,24,334,7.492347981,74,461,1.608479156
Footwear_68.webp,Footwear,13.40958798,3.814919852,44,292,5.462928937,78,544,1.010895345
Footwear_69.webp,Footwear,14.54490718,2.138638877,24,325,4.191853981,70,406,0.530080571
Footwear_70.webp,Footwear,17.19142811,4.530911659,39,279,6.713022678,59,545,0.751696813
Footwear_71.webp,Footwear,10.53954371,4.321996991,47,378,4.13211372,49,646,1.478830991
Footwear_72.webp,Footwear,11.41373792,1.660838024,30,413,7.860398798,56,473,1.172257817
Footwear_73.webp,Footwear,9.524986097,2.822689241,47,371,7.075702593,65,507,1.942744155
Footwear_74.webp,Footwear,18.42870003,2.398666078,31,208,3.094769197,60,515,0.9722509
Footwear_75.webp,Footwear,19.61546136,2.070372703,36,231,3.405689277,62,526,1.517318577
Footwear_76.webp,Footwear,15.20423864,2.803019467,32,234,8.721086701,78,596,0.617112748
Footwear_77.webp,Footwear,6.4589659,3.443525251,39,267,9.151891526,56,699,0.746628952
Footwear_78.webp,Footwear,5.252320662,2.69041764,29,415,4.188778903,71,566,1.672440505
Footwear_79.webp,Footwear,14.45927466,3.022519442,34,460,6.933672876,56,460,0.645168292
Footwear_80.webp,Footwear,19.20260428,1.83897297,29,253,3.212899453,41,651,0.967509845
Footwear_81.webp,Footwear,12.82747409,2.265069021,30,428,9.315463513,70,576,1.438299513
Footwear_82.webp,Footwear,18.78373122,2.166700967,38,222,3.986310019,50,669,1.736963299
Footwear_83.webp,Footwear,16.52421424,4.094038053,42,334,6.28576092,42,519,0.541604189
Footwear_84.webp,Footwear,5.247428841,1.498512953,38,226,3.767656494,40,536,1.059569
Footwear_85.webp,Footwear,16.88172752,4.19503949,38,334,8.143071107,52,656,0.58168588
Footwear_86.webp,Footwear,9.529750955,2.790781541,23,316,9.038158601,57,421,0.62794337
Footwear_87.webp,Footwear,15.5023436,2.673045129,29,432,8.138971699,64,403,1.91008978
Footwear_88.webp,Footwear,9.124927896,1.599019596,24,445,3.275055838,51,590,0.847392124
Footwear_89.webp,Footwear,17.77216999,4.353191352,49,436,4.140810282,64,431,1.585123826
Footwear_90.webp,Footwear,17.59574603,1.759646297,37,453,7.282077569,78,652,1.053860472
Uniform_1.webp,Uniform,13.89369904,2.423218085,24,286,8.432091424,79,657,1.026630201
Uniform_2.webp,Uniform,6.405988552,1.189564309,25,350,7.794195625,68,651,0.769289009
Uniform_3.webp,Uniform,5.523686126,2.293975207,34,376,5.413082835,70,527,0.669241217
Uniform_4.webp,Uniform,12.430143,2.427633087,48,375,8.997501007,47,697,0.962004108
Uniform_5.webp,Uniform,5.462980272,1.593090525,45,312,4.233443846,76,657,1.767545034
Uniform_6.webp,Uniform,7.016149963,4.640485489,43,255,4.097562859,79,408,1.490464314
Uniform_7.webp,Uniform,5.689569899,2.030357927,41,234,7.584902752,75,690,0.869984516
Uniform_8.webp,Uniform,15.57380796,4.563380991,22,493,7.555398692,47,458,1.435982647
Uniform_9.webp,Uniform,14.96719487,4.797856553,47,353,4.617010262,77,604,1.960901998
Uniform_10.webp,Uniform,5.983022492,3.207378913,43,243,9.173790489,49,458,0.974064956
Uniform_11.webp,Uniform,16.56132978,1.278447583,25,349,5.574497739,77,643,0.849412792
Uniform_12.webp,Uniform,8.614853634,4.882330595,21,474,4.777382745,67,661,1.509454975
Uniform_13.webp,Uniform,11.64007655,1.797653218,48,207,6.318344825,72,491,1.7884358
Uniform_14.webp,Uniform,6.354860049,2.654019119,23,458,7.13693628,63,467,1.245622234
Uniform_15.webp,Uniform,9.326468551,2.263513145,35,420,8.27750007,46,658,1.168110571
Uniform_16.webp,Uniform,14.67249113,1.326779901,31,250,7.927413545,41,561,1.282358361
Uniform_17.webp,Uniform,15.97619162,4.653013888,46,369,3.803192833,64,453,0.593494396
Uniform_18.webp,Uniform,12.13145608,3.413151433,47,386,7.016163252,56,404,1.19740734
Uniform_19.webp,Uniform,12.52928329,1.859906203,42,433,7.697342376,79,514,1.256887958
Uniform_20.webp,Uniform,6.918495324,3.303747884,39,246,8.734761677,64,425,1.850603755
Uniform_21.webp,Uniform,17.89423834,4.883721933,23,292,5.71491301,47,536,0.527914766
Uniform_22.webp,Uniform,12.09872785,2.410260212,46,303,7.745587742,55,515,1.147183687
Uniform_23.webp,Uniform,9.029627457,1.149137506,27,243,5.340753914,52,607,1.997583157
Uniform_24.webp,Uniform,18.42206619,2.594391376,29,322,5.795157561,63,660,0.541381772
Uniform_25.webp,Uniform,9.235522553,4.782302152,37,423,8.365129258,79,566,1.03675144
Uniform_26.webp,Uniform,5.218573262,3.982761406,35,343,4.177374514,70,489,0.58553907
Uniform_27.webp,Uniform,7.135520759,1.201673487,40,231,8.096850632,53,686,1.437835052
Uniform_28.webp,Uniform,15.64372053,4.481531906,49,385,6.658840532,51,633,1.642290433
Uniform_29.webp,Uniform,7.954541618,1.168530193,30,315,3.002922501,79,411,1.600034898
Uniform_30.webp,Uniform,9.92835085,2.674962488,29,381,8.36982669,71,406,0.942114892
Uniform_31.webp,Uniform,10.15251809,4.104542297,41,238,6.318725192,51,453,0.532122401
Uniform_32.webp,Uniform,8.833711591,3.709573478,46,369,5.831453241,67,449,0.818203659
Uniform_33.webp,Uniform,11.58395687,2.350512136,23,411,6.527325537,57,488,1.567121486
Uniform_34.webp,Uniform,8.204072023,1.926909538,20,282,4.995040093,48,608,0.906538231
Uniform_35.webp,Uniform,7.443745933,4.573182157,31,482,5.002802798,65,581,1.701338112
Uniform_36.webp,Uniform,18.8423246,4.169924969,27,285,8.69078783,63,651,1.155126953
Uniform_37.webp,Uniform,7.278894831,1.664105795,36,202,7.582411669,47,625,1.276973683
Uniform_38.webp,Uniform,10.92163691,1.178512853,23,483,6.687593662,46,697,1.081347482
Uniform_39.webp,Uniform,6.400631048,2.372264048,20,389,7.105997369,42,640,0.983441461
Uniform_40.webp,Uniform,13.52843144,3.965623258,41,344,4.465787886,66,690,0.804316058
Uniform_41.webp,Uniform,17.85292945,2.67746768,30,370,4.419670453,58,592,1.41980766
Uniform_42.webp,Uniform,8.796204348,2.461141662,27,419,8.409257869,48,617,0.89834664
Uniform_43.webp,Uniform,8.785573432,4.007578803,32,487,3.671320774,70,568,1.182915187
Uniform_44.webp,Uniform,18.31578751,3.660431781,44,260,3.069367727,77,591,0.657719849
Uniform_45.webp,Uniform,8.505254245,3.331686291,49,446,8.922021544,43,572,1.424944243
Uniform_46.webp,Uniform,16.42025907,4.725165053,31,493,3.019231476,64,498,1.723224573
Uniform_47.webp,Uniform,18.09924545,3.877293787,33,493,9.509415727,75,533,1.397679868
Uniform_48.webp,Uniform,18.77828669,3.702856968,49,207,3.688715917,70,484,1.10054615
Uniform_49.webp,Uniform,16.602507,4.525586441,30,385,9.363762736,63,569,0.544686088
Uniform_50.webp,Uniform,15.358927,4.256056257,34,482,5.188008565,49,537,0.761060401
Uniform_51.webp,Uniform,18.22227805,4.329242053,27,444,7.756619118,78,572,1.658192517
Uniform_52.webp,Uniform,8.447141514,4.276890823,36,331,5.760438205,72,493,0.782247588
Uniform_53.webp,Uniform,10.31464848,1.178454346,30,424,8.746066312,55,620,1.871061517
Uniform_54.webp,Uniform,6.146957227,4.974406442,32,391,3.214894152,68,637,1.639610543
Uniform_55.webp,Uniform,14.70607305,4.006327975,22,319,3.108503266,44,470,1.629503854
Workwear_1.webp,Workwear,5.869611233,4.655763139,26,229,7.957645417,49,565,0.97585827
Workwear_2.webp,Workwear,10.50330626,4.663108194,39,253,5.209823015,79,572,0.978809948
Workwear_3.webp,Workwear,10.43622405,4.944019183,42,432,5.105507926,63,566,1.178110496
Workwear_4.webp,Workwear,16.856691,2.619743829,35,261,3.869848308,78,553,1.321456218
Workwear_5.webp,Workwear,9.891071886,4.101471805,27,336,5.899001613,77,569,1.191575781
Workwear_6.webp,Workwear,6.037555442,4.862140913,37,200,9.270024178,78,450,0.53510516
Workwear_7.webp,Workwear,13.21348739,1.657916211,37,222,6.554992951,64,475,1.064162333
Workwear_8.webp,Workwear,9.149103733,2.787173483,32,379,8.003765488,62,504,0.653609357
Workwear_9.webp,Workwear,16.04661082,3.987357746,21,399,8.188720284,76,453,1.414333294
Workwear_10.webp,Workwear,6.05383213,1.031888754,25,372,3.420224227,78,549,0.932209778
Workwear_11.webp,Workwear,7.03327335,2.747380322,32,416,6.806937605,57,418,0.860857473
Workwear_12.webp,Workwear,15.53299525,1.597412239,28,264,8.428423856,57,423,0.740478063
Workwear_13.webp,Workwear,5.651853778,1.36998714,27,335,3.614939338,63,487,0.710100285
Workwear_14.webp,Workwear,16.45871262,2.908682275,25,300,4.551082242,75,430,0.964397059
Workwear_15.webp,Workwear,7.643546733,4.990075076,42,393,9.198121986,57,571,1.758240034
Workwear_16.webp,Workwear,6.081317721,3.22337845,20,235,6.583390231,45,463,1.16882739
Workwear_17.webp,Workwear,9.428884393,4.298091274,37,270,8.633860725,69,546,0.533057136
Workwear_18.webp,Workwear,12.02409914,1.925273237,41,353,3.858124598,46,655,0.559118388
Workwear_19.webp,Workwear,14.28830059,2.902880375,35,300,4.790425127,53,636,0.64418454
Workwear_20.webp,Workwear,8.359340896,4.131338762,38,212,6.523340722,69,586,1.838234087
Workwear_21.webp,Workwear,8.340886917,3.764746579,42,416,4.363223446,69,698,1.733334823
Workwear_22.webp,Workwear,17.96946904,4.644176287,43,294,4.651781282,74,453,0.905117541
Workwear_23.webp,Workwear,19.41342046,1.565604084,39,490,7.092311621,53,573,1.399640268
Workwear_24.webp,Workwear,14.50054909,2.728763919,28,298,7.447422092,48,497,0.886331545
Workwear_25.webp,Workwear,6.085392858,1.725322989,23,391,3.797216967,50,460,1.234071845
Workwear_26.webp,Workwear,15.24665016,2.998568114,24,341,9.951297572,47,496,1.744463011
Workwear_27.webp,Workwear,18.76072461,1.781030041,49,355,9.784404414,56,529,1.245577083
Workwear_28.webp,Workwear,14.28720363,4.553119269,31,441,6.658100818,69,479,1.264590531
Workwear_29.webp,Workwear,13.58804233,3.285432361,48,378,8.925269216,47,616,0.715977451
Workwear_30.webp,Workwear,14.29949135,2.291666575,30,404,7.678120157,78,497,1.414331513
Workwear_31.webp,Workwear,15.61959067,4.115302949,36,336,5.652607358,48,521,1.933817467
Workwear_32.webp,Workwear,15.87826027,3.579300836,23,362,3.844099013,72,501,1.815851621
Workwear_33.webp,Workwear,14.22207478,3.78099206,27,296,7.593791267,43,558,0.823495788
Workwear_34.webp,Workwear,9.993999497,3.154028056,24,265,9.238282888,68,527,1.399044796
Workwear_35.webp,Workwear,18.04895733,1.061865653,28,437,3.873383796,76,476,1.240602942
Workwear_36.webp,Workwear,6.862994574,4.114154107,21,375,4.730929552,64,640,1.038057399
Workwear_37.webp,Workwear,11.88304437,1.966516474,49,493,6.380304547,54,491,0.76154693
Workwear_38.webp,Workwear,15.56540657,3.186955461,28,405,9.350382563,58,488,1.237228942
Workwear_39.webp,Workwear,7.564950207,1.155719827,23,418,9.001712254,74,648,1.520051755
Workwear_40.webp,Workwear,8.709577965,2.048481471,34,497,7.398016852,72,654,1.826878386
Workwear_41.webp,Workwear,12.99364912,1.403281495,26,262,7.260211963,49,455,1.517372817
Workwear_42.webp,Workwear,18.29472656,4.411393015,20,470,9.116562088,78,673,1.385105419
Workwear_43.webp,Workwear,15.314048,1.78427759,37,204,8.94843292,51,402,1.964609553
Workwear_44.webp,Workwear,14.85352592,4.944142203,48,259,8.924766624,59,591,1.739567919
Workwear_45.webp,Workwear,9.373651117,4.038394088,22,434,9.883690615,59,646,0.829841817
outdoor_1.webp,Outdoor,8.545129488,2.208440073,43,427,4.701755922,52,675,1.154890733
outdoor_2.webp,Outdoor,19.25705692,2.477960409,40,250,4.962148884,43,600,1.42082094
outdoor_3.webp,Outdoor,14.32722427,1.873987997,22,386,3.040545827,73,492,1.123634307
outdoor_4.webp,Outdoor,7.301668976,1.884090031,36,252,8.256112049,67,617,1.842875146
outdoor_5.webp,Outdoor,6.520060616,1.465126407,49,353,6.163079044,68,448,0.827464658
outdoor_6.webp,Outdoor,19.9305708,4.600080522,38,291,4.651760858,52,590,1.502914812
outdoor_7.webp,Outdoor,8.45282794,4.525288877,37,419,6.407332111,51,453,1.381798881
outdoor_8.webp,Outdoor,10.04377152,2.184762675,48,298,4.313342945,46,589,0.937991012
outdoor_9.webp,Outdoor,6.232091729,2.603130627,23,445,7.656599726,60,492,1.084261115
outdoor_10.webp,Outdoor,9.093255717,1.266476128,23,326,4.913958835,47,678,1.37406719
outdoor_11.webp,Outdoor,12.10111686,2.729934925,44,308,9.30478923,65,648,1.062578166
outdoor_12.webp,Outdoor,8.194145848,4.472522043,28,343,5.767998565,76,683,1.008823651
outdoor_13.webp,Outdoor,10.41670443,1.518744128,31,256,3.907751137,57,473,1.090737585
outdoor_14.webp,Outdoor,13.86340311,3.90223682,31,360,7.85952165,40,417,0.625160922
outdoor_15.webp,Outdoor,13.87371073,1.319804261,40,383,5.787355094,73,571,1.753379806
outdoor_16.webp,Outdoor,6.309028791,4.570554456,20,249,6.612954652,50,664,0.994063142
outdoor_17.webp,Outdoor,18.78825178,4.755060884,42,372,8.901805247,63,415,1.246974477
outdoor_18.webp,Outdoor,16.10543115,3.620587984,34,383,8.680280644,61,676,1.480907797
outdoor_19.webp,Outdoor,7.019431858,4.047273349,39,323,5.254052418,41,446,0.619164751
outdoor_20.webp,Outdoor,15.30771648,1.64100913,48,388,6.731356706,60,573,1.243696374
outdoor_21.webp,Outdoor,11.24739296,3.281982951,24,497,5.989226285,40,637,0.923716848
outdoor_22.webp,Outdoor,14.74888213,2.898991046,42,483,9.380286296,57,680,0.686750592
outdoor_23.webp,Outdoor,6.998439605,2.082123255,44,459,9.71989901,66,678,1.853213122
outdoor_24.webp,Outdoor,17.25853128,3.658396138,31,310,5.527929886,75,618,1.870578855
outdoor_25.webp,Outdoor,14.01265199,1.217692229,49,401,8.190032342,77,484,1.012130865
outdoor_26.webp,Outdoor,14.56836348,4.331520322,40,216,3.861554861,72,584,1.331564494
outdoor_27.webp,Outdoor,9.368471915,2.757953396,31,461,7.840517795,71,420,0.52399529
outdoor_28.webp,Outdoor,12.37226807,1.130831131,44,436,4.741250693,60,598,1.214667692
outdoor_29.webp,Outdoor,6.122919942,2.578047952,22,315,7.405406699,66,577,0.829412633
outdoor_30.webp,Outdoor,6.966877092,2.429125572,45,333,6.577098253,52,684,1.07826626
outdoor_31.webp,Outdoor,8.657470409,3.68266905,49,450,8.777012074,60,665,1.950805928
outdoor_32.webp,Outdoor,6.10291374,2.131901631,37,337,3.024983944,46,493,1.794139024
outdoor_33.webp,Outdoor,5.666962094,4.269594666,41,215,5.826930774,41,685,1.72821315
outdoor_34.webp,Outdoor,10.8868201,3.123819328,42,348,5.255656616,73,489,0.74320398
outdoor_35.webp,Outdoor,6.957870119,3.791651883,33,317,6.873593749,47,501,1.222775044
outdoor_36.webp,Outdoor,8.092058369,2.441859387,31,275,9.577323692,64,635,1.246015231
outdoor_37.webp,Outdoor,17.00637675,1.712656897,22,475,6.304774045,53,588,1.874102004
outdoor_38.webp,Outdoor,18.08550839,1.588246842,20,370,5.400208705,66,531,0.912687999
outdoor_39.webp,Outdoor,15.60328262,4.690901334,21,409,9.548118457,60,502,1.557739516
outdoor_40.webp,Outdoor,7.416740987,2.377468694,44,233,8.081396256,74,606,0.583827184
outdoor_41.webp,Outdoor,8.871647922,4.491892777,38,482,3.180010736,60,682,1.324515437
outdoor_42.webp,Outdoor,10.38120105,4.834018364,32,419,3.167696377,73,663,1.37169585
outdoor_43.webp,Outdoor,17.76367724,4.113642014,25,336,6.775652689,57,577,1.176152264
outdoor_44.webp,Outdoor,9.585883178,3.632810161,27,353,5.251822548,55,483,1.101792179
outdoor_45.webp,Outdoor,11.01881426,1.435639171,39,356,4.565593315,74,585,1.660210087
outdoor_46.webp,Outdoor,19.06616149,4.926893105,34,248,4.43372475,47,642,1.541087579
outdoor_47.webp,Outdoor,14.46917965,2.784692152,29,475,6.549636487,48,604,1.858851228
outdoor_48.webp,Outdoor,17.14398686,1.064582326,36,360,9.894653554,59,467,1.493775073
outdoor_49.webp,Outdoor,13.72078526,1.045636869,37,350,9.04149635,73,667,0.931891241
outdoor_50.webp,Outdoor,19.07029986,3.57820576,31,235,8.848998241,43,686,0.835636445
outdoor_51.webp,Outdoor,16.24591464,3.843583468,33,360,4.153164042,71,664,1.809820526
